BusinessName,Category,Labels,OpenClosed,Town,Address,CurrentHours,HowToOrder,HowToGetIt,Phone,Menu,Website,PaymentsAccepted,Specials,Description,Email,Facebook,Instagram,Twitter,imageUrl,DeliveryLink
Amalfi of Glen Cove,Italian,"Italian, Pizza, Pasta, Salads",Open,Glen Cove,197 Forest Ave.,Mon-Sun 11am-8pm,Phone,"Takeout, Delivery",516-801-6544,http://amalfiglencove.com/dining-room/,http://amalfiglencove.com,"Cash, Credit, Debit",Website,"At Amalfi of Glen Cove, our extensive and authentic Italian cuisine is prepared from scratch everyday using only the finest and freshest ingredients. Calzones, pasta, signature pizzas & other casual Italian eats in a comfy, counter-serve setting.",info@amalfiglencove.com,https://www.facebook.com/AmalfiPizzeriaRestaurant/,https://www.instagram.com/amalfiglencove/,,http://amalfiglencove.com/wp-content/uploads/sites/4/2018/10/pizza.jpg,https://amalfiglencove.pdqonlineordering.com/Titlepage.aspx
American Cafe,American,"American, Latin",Open,Glen Cove,5 School St.,Mon-Sun 10am-8pm,Phone,"Takeout, Delivery",516-656-0003,https://www.americancafe.org/#dinner-menu,https://www.americancafe.org,"Cash, Credit, Debit",,"A mix of homestyle American comfort food & global specials in cozy, kid-friendly cafe near theater.",,https://www.facebook.com/pages/category/Restaurant/American-CAFE-106801256031886/,,,https://media-cdn.tripadvisor.com/media/photo-s/04/80/d1/bf/american-cafe.jpg,https://www.DoorDash.com/store/american-cafe-glen-cove-133916/182266/en-US
Andros Grill,Mediterranean,,Closed,Glen Cove,61 Glen St.,,,,,https://slicelife.com/restaurants/ny/glen-cove/11542/andros-grill-pizza-gyro/menu?utm_campaign=partner_websites,https://www.androsgrillpizzagyro.com/,,,,,,,,,
Angela's Bakery,Bakery,,Closed,Glen Cove,181 Glen St.,,Phone Special Orders ,Takeout,(605) 234-2253,,,,,,,https://www.facebook.com/angelasbakerychamberlain/,,,,
Asian Fusion,Asian,"Chinese, Japanese, Thai",Open,Glen Cove,66 School St.,"Mon-Sat 12pm-8:30pm, Sun 3pm-8:30pm","Phone, Website",Takeout,516-277-1893,https://www.asianfusiontogo.com/#features,https://www.asianfusiontogo.com,"Credit, Debit",,,,https://www.facebook.com/asianfusionsushichinesethai,,,,
Bakery of the World,Bakery,,Closed,Glen Cove,26 Glen St B,,,,,,,,,,,,,,,
Burger King,Fast Food,"Fast Food, Burgers",Open,Glen Cove,3 Cedar Swamp Rd.,Mon-Sun 7am-1am,Drive Thru,"Drive Thru, Delivery",516-609-0813,https://www.bk.com/menu,https://www.bk.com,"Cash, Credit, Debit",,"Well-known fast-food chain serving grilled burgers, fries & shakes, plus breakfast.",,https://www.facebook.com/BurgerKing3CedarSwampRd/,,,https://media-exp1.licdn.com/dms/image/C4D1BAQHTMNOwn3bL6Q/company-background_10000/0?e=2159024400&v=beta&t=VEG52jfelrD-keOBGYqNSqdI8mYqEknDivUJLLyNUyY,https://www.DoorDash.com/store/burger-king-glen-cove-259684/en-US
Cactus Cafe Tex-Mex,Mexican,"Mexican, Tex-Mex, Tacos, Burritos",Open,Glen Cove,214 Glen Cove Ave D,Mon-Sun 12pm-9pm,"Phone, DoorDash","Takeout, Delivery",516-609-2623,https://cactuscafetexmex.com/menu/all-day/,https://cactuscafetexmex.com/,"Cash, Credit, Debit",Website,"Upbeat counter-serve spot offering made-from-scratch Tex-Mex eats. All food is prepared daily in house, even our chips and salsa. Every morning our crew starts early, cooking soups, baking empanadas, smoking brisket, making house made guacamole to make sure your taste buds are satisfied.",,https://www.facebook.com/CactusCafeNY,https://www.instagram.com/cactuscafeny/,https://twitter.com/cactuscafeny,https://scontent-ort2-2.cdninstagram.com/v/t51.2885-15/fr/e15/p1080x1080/90089184_1811568322312980_9185982338487091047_n.jpg?_nc_ht=scontent-ort2-2.cdninstagram.com&_nc_cat=100&_nc_ohc=CoEj0F-k-xQAX-crnlV&oh=542f69ace91f51efafa7ea8578040fda&oe=5EB7EF03,https://www.DoorDash.com/store/cactus-cafe-glen-cove-133906/en-US?pickup=trueutm_source%3Dpartner-link&utm_campaign=133906&utm_medium=website
Carmen's Deli,Deli,Deli,Open,Glen Cove,43 Cedar Swamp Rd.,Mon-Sun 6am-6pm,Phone,Takeout,516-200-5460,https://www.carmensdelilongisland.com/menu,https://www.carmensdelilongisland.com,,,,,,,,,
Carvel,Desserts,"Desserts. Ice Cream, Cakes",Open,Glen Cove,181 Forest Ave.,Mon-Sun 10am-9pm,"Store, Phone, Uber Eats, DoorDash","Takeout, Delivery",516-801-2300,https://order.carvel.com/menu/carvel-glen-cove,https://www.carvel.com/,"Cash, Credit, Debit",,,,https://www.facebook.com/CarvelIceCream/,https://www.instagram.com/carvelicecream/?hl=en,https://twitter.com/CarvelIceCream,https://img.grouponcdn.com/deal/25EEKsbSKCm8LbVqJ1sSZp4GwBpR/25-960x576/v1/c700x420.jpg,https://www.ubereats.com/nyc-suburbs/food-delivery/carvel-181-forest-ave/2nx4LuE8R_KwBChZqWY92g
Cedar Creek,American,American,Open,Glen Cove,75 Cedar Swamp Rd.,Mon-Sat 4pm-8pm,Phone,"Takeout, Delivery",516-656-5656,http://www.cedarcreekli.com/menu.html,http://www.cedarcreekli.com/,"Cash, Credit, Debit",,,,,,,http://www.cedarcreekli.com/images/gallery-big-17.jpg,
Charlie's Deli & Catering,Deli,"Deli, Breakfast, Hot Food Bar",Open,Glen Cove,62 Landing Rd.,Mon-Sun 6am-7pm,Phone,Takeout,516-759-7607,charliesdeliandcatering.com,charliesdeliandcatering.com,"Cash, Credit, Debit",,,fredyor11560@gmail.com,https://www.facebook.com/pg/Charlies-Deli-Catering-1085217471521876/about/?ref=page_internal,,,https://cdn.businessyab.com/assets/uploads/2fa0effb6064ede20946d1cadfeb72ca__united_states_new_york_nassau_county_glen_cove_charlies_deli_catering_23230.jpg,
China King,Asian,Chinese,Closed,Glen Cove,170 Forest Ave.,,,,516-676-8181,https://www.bringmethat.com/t/ny/glen-cove/11542/china-king,https://www.bringmethat.com/t/ny/glen-cove/11542/china-king,"Cash, Credit, Debit",,,,,,,,
China Palace,Asian,Chinese,Closed,Glen Cove,183 Forest Ave.,,,,516-671-3223,,https://www.chinapalaceglencove.com,"Cash, Credit, Debit",,,,,,,,
Cuscatleco Deli,Deli,Deli,Closed,Glen Cove,210 Glen St.,,,,516-671-4812,,,"Cash, Credit, Debit",,,,,,,,
Delicious Pizzeria,Italian,"Italian, Pizza, Pasta, Salads",Open,Glen Cove,60 Landing Rd,Mon-Sun 9am-10pm,Phone,"Takeout, Delivery",516-759-0793,http://deliciouspizzeria.net,http://deliciouspizzeria.net/,"Cash, Credit, Debit",http://www.kpsearch.com/Email-Cpn-DeliciousPizza.htm,,,,,,http://www.kpsearch.com/DF/Delicious%20Pizza/pizzapic.jpg,
Dominik Pizza,Mexican,"Mexican, Tacos, Italian, Pizza",Open,Glen Cove,65 1/2 Glen St,Mon-Sun 11am-9pm,Phone,"Takeout, Delivery",516-674-4796,http://dominikpizza.com/menu/,http://dominikpizza.com,"Cash, Credit, Debit, Apple Pay",,,,https://www.facebook.com/pages/category/Pizza-Place/Dominik-Pizza-113989688632587/,,,http://dominikpizza.com/wp-content/uploads/2014/02/Tacos_800x350.jpg,
Domino's Pizza,Italian,"Italian, Pizza, Pasta, Salads",Open,Glen Cove,104 School St.,"Sun-Wed 12pm-11pm, Thu 12pm-9pm, Fri-Sat 12pm-12am",Phone,"Takeout, Delivery",516-671-6040,https://www.dominos.com/en/pages/order/menu#!/menu/category/viewall/,https://www.dominos.com,"Cash, Credit, Debit",,,,,,,https://www.kentcounty.com/media/com_jbusinessdirectory/pictures/companies/41/Dominos-Pizza-1502201000.jpg,
Dulce Delights,Desserts,"Desserts, Ice Cream",Open,Glen Cove,90 Forest Ave.,Mon-Sun 12pm-9pm,Store,Takeout,516-399-2323,https://www.facebook.com/DulceDelightsUSA/menu/,https://dulce-delights.business.site,"Cash, Credit, Debit",,,dulcedelights@ymail.com,https://www.facebook.com/DulceDelightsUSA/,https://www.instagram.com/dulcedelights_glencove/?fbclid=IwAR22BGGxwZ5VQnDq4zXHsU9dyFiSVGSnj3pfctVEO65KPJC9MgzQNhTeod4,https://twitter.com/dulce_delights?fbclid=IwAR1WEOmFyrucIRdyqXE2XKwEGY7DVBJox4ifvs_SchfWNlHnlMQuo8oUqwY,https://lh3.googleusercontent.com/nmAjhos3wtnd0XGS0PzzJB8rISSZ-kRxub8oOwJmtfyk9RXJufkjd4ZDbkP3mxK1km-yGbWOhA=w600-h0,
Dunkin' Donuts Forest Ave,Cafe,"Cafe, Breakfast, Donuts, Coffee",Open,Glen Cove,5 Brewster St.,"Mon-Sat 4:30am-10:30pm, Sun 4:30am-5pm",Mobile App,"Takeout, Curbside",516-759-0858,https://www.dunkindonuts.com/en/food-drinks,https://www.dunkindonuts.com/en,"Cash, Credit, Debit, Mobile App",,,,https://www.facebook.com/DunkinGlenCoveNY340587,,,https://static01.nyt.com/images/2018/09/26/business/26DUNKIN02/merlin_144328491_8c732b71-be5c-45a8-91f8-1abc7bb526b1-superJumbo.jpg,
Dunkin' Donuts Glen St,Cafe,"Cafe, Breakfast, Donuts, Coffee",Open,Glen Cove,285-291 Glen St,Mon-Sun 6am-8pm,Mobile App,"Takeout, Curbside",516-674-6756,https://www.dunkindonuts.com/en/food-drinks,https://www.dunkindonuts.com/en,"Cash, Credit, Debit, Mobile App",,,,,,,https://static01.nyt.com/images/2018/09/26/business/26DUNKIN02/merlin_144328491_8c732b71-be5c-45a8-91f8-1abc7bb526b1-superJumbo.jpg,
El Tazumal,Latin,Salvadorian,Open,Glen Cove,6 Glen St.,Mon-Sun 10am-8pm,Phone,"Takeout, Delivery",516-674-9465,http://places.singleplatform.com/el-tazumal-6/,NONE,"Cash, Credit, Debit",,,,https://www.facebook.com/pages/category/Family-Style-Restaurant/El-Tazumal-312469105480783/,,,https://encrypted-tbn0.gstatic.com/images?q=tbn%3AANd9GcS288EsCWpphq4DzibsABp3sksa6paWvAPVylhgS0waSAcwIQ0G&usqp=CAU,
Forest Ave Grill,Cafe,"Cafe, Healthy, Sandwiches",Closed,Glen Cove,170 Forest Ave.,,Phone,"Takeout, Delivery ($15 min)",516-277-2360,,https://www.forestavegrill.com,,Weekly On Website,,,,,,,
Forest Avenue Pizza,Italian,"Italian, Pizza, Pasta, Salads",Open,Glen Cove,90 Forest Ave.,Mon-Sun 11am-8pm,Phone,"Takeout, Delivery",516-759-3777,http://forestpizza.com/Menu.html,http://forestpizza.com/,"Cash, Credit, Debit",,,forestpizza@optonline.net,https://www.facebook.com/Forest-Ave-Pizza-114028781960990/,,,http://forestpizza.com/images/100_1088.JPG,
Garvies Point Brewery,Brewery,"Brewery, Beer",Open,Glen Cove,1 Garvies Rd.,Mon-Sat 1pm-7pm,Phone,"Takeout, Delivery",516-277-2787,https://garviespointbrewing.com/pages/growlers-to-go,https://garviespointbrewing.com/,"Cash, Credit, Debit",,,info@garviespointbrewing.com,https://www.facebook.com/GarviesPointCraftBrewery/,https://www.instagram.com/garviespointbrewery/,https://twitter.com/garviespoint?lang=en,https://scontent-ort2-2.xx.fbcdn.net/v/t1.0-9/p960x960/52966875_2222017561393845_5904617997980401664_o.jpg?_nc_cat=100&_nc_sid=a26aad&_nc_ohc=RjLNIWxIFvcAX9ZX2yv&_nc_ht=scontent-ort2-2.xx&_nc_tp=6&oh=9e2ad4e97a88c7e045076d67c2d0c52d&oe=5EB643FB,
Glen Cove Deli,Deli,Deli,Closed,Glen Cove,35 Glen St.,Mon-Sun 8am-6pm,Store,Takeout,516-609-0252,,,,,,,,,,https://cdn.newsday.com/polopoly_fs/1.5164652.1426632147!/httpImage/image.jpg_gen/derivatives/landscape_768/image.jpg,
Glen Cove Diner,Diner,"Diner, Breakfast",Open,Glen Cove,187 Glen St.,Mon-Sun 11am-9pm,"Phone, DoorDash, Uber eats","Takeout, Curbside, Delivery",516-676-1400,https://www.doordash.com/store/glen-cove-diner-glen-cove-193872/en-US,https://www.glencovediner.com,"Cash, Credit, Debit",,,,https://www.facebook.com/GlenCoveDiner/,https://www.instagram.com/glencovediner/,https://mobile.twitter.com/GlenCoveDiner,"https://static.wixstatic.com/media/0fa495_77c45668315a444599bc943b21129a35~mv2.jpg/v1/fill/w_525,h_325,al_c,q_80,usm_0.66_1.00_0.01/0fa495_77c45668315a444599bc943b21129a35~mv2.jpg",https://www.glencovediner.com/delivery
Glen Street Deli,Deli,Deli,Closed,Glen Cove,67 Glen St.,,,,516-277-1556,,,,,,,,,,,
Gold Coast Deli,Deli,"Deli, Hot Food",Closed,Glen Cove,72 School St,Mon-Sun 10am-8pm,Store,Takeout,516-686-6688,,,"Cash, Credit, Debit",,,,,,,https://media.superpages.com/media/photos/22/55/30/80/12/images/micrositeimage_photo1.jpg,
Hao Sheng II,Asian,Chinese,Closed,Glen Cove,210 Glen St B,,,,516-676-8407,,,,,,,,,,,
Henry's Confectionary ,Diner,"Diner, Breakfast",Open,Glen Cove,8 Glen St.,Mon-Sun 7:30am-3pm,"Phone, DoorDash","Takeout, Curbside, Delivery",516-671-3222,https://www.doordash.com/store/henry-s-confectionary-glen-cove-194710/en-US,NONE,"Cash, Credit, Debit",On Facebook,,,https://www.facebook.com/pages/category/Diner/Henrys-Confectionary-100494826679048/,,,https://scontent-ort2-2.xx.fbcdn.net/v/t1.0-9/69689627_2517746421620531_1235515624084471808_n.jpg?_nc_cat=111&_nc_sid=8bfeb9&_nc_ohc=XsZNEd1Edz0AX8QKgrK&_nc_ht=scontent-ort2-2.xx&oh=584a4b47cb4998f86fe5097e84267d6d&oe=5EB66112,https://www.DoorDash.com/store/henry-s-confectionary-glen-cove-194710/en-US
Ice Cream Stop,Desserts,"Desserts, Ice Cream",Closed,Glen Cove,10 Cedar Swamp Rd # 18,,,,516-234-8622,,,,,,,,,,,
Jade Fortune,Asian,"Asian, Chinese",Closed,Glen Cove,36 Glen St ste a,,,,516-671-7272,,,,,,,,,,,
Jalisco Cocina Mexicana & Tequila Bar,Mexican,"Mexican, Tacos, Drinks",Closed,Glen Cove,100 School St.,,,,516-801-1960,http://jaliscomexicana.com,http://jaliscomexicana.com,"Cash, Credit, Debit",On Menu,,,https://www.facebook.com/pg/Jalisco-Cocina-Mexicana-Tequila-Bar-123484739047947/about/?ref=page_internal,,,,
La Bussola Ristorante,Italian,"Italian, Pasta, Salads",Open,Glen Cove,40 School St.,"Mon-Thu 12pm-9:30pm, Fri 12pm-10:30pm, Sat 2pm-10:30pm, Sun 2pm-9:30pm",Phone,"Curbside, Delivery",516-671-2100,http://www.piccolabussolarestaurant.com/glen-cove/menu,http://www.piccolabussolarestaurant.com/glen-cove,"Cash, Credit, Debit",On Facebook,,glencove@bussolagroup.com,https://www.facebook.com/LaBussolaGlenCove/,,,http://www.piccolabussolarestaurant.com/wp-content/uploads/2015/09/5.jpg,
La Famiglia Ristorante,Italian,"Italian, Pizza, Pasta, Salads",Open,Glen Cove,5 School St. ,Mon-Sun 11am-8pm,"Phone, Uber Eats, Slice","Curbside, Delivery",516-759-7549,https://www.lafamigliaglencove.com/dinner-menu.html,https://www.lafamigliaglencove.com,"Credit, Debit",lunch special,,,https://m.facebook.com/lafamigliaglencove?ref=bookmarks,https://instagram.com/lafamigliapizzeriarestaurant?igshid=1x44jys8yegbm,,https://www.lafamigliaglencove.com/image/97193776.jpg,
La Ginestra,Italian,"Italian, Pasta, Salads",Open,Glen Cove,50 Forest Ave.,Tue-Sun 4pm-7:30pm,Phone,Takeout,516-674-2244,http://www.laginestrany.com/pasta.php,http://www.laginestrany.com,"Cash, Credit, Debit",Daily Must Call,,info@laginestrany.com,https://www.facebook.com/La-Ginestra-Restaurant-523124877835592/?fref=ts&rf=114059908625243,,,https://i0.wp.com/experiencesicily.com/wp-content/uploads/2020/02/fb_img_15812963834681634671821303588176.jpg?resize=960%2C720&ssl=1,
La Pala,Italian,"Italian, Pizza, Pasta, Salads",Open,Glen Cove,246 Glen St.,Tue-Sun 12pm-9pm,"Phone, DoorDash","Curbside, Delivery",516-399-2255,https://3d5df9d7-4f22-4325-835e-0c6f848b7257.filesusr.com/ugd/5e6920_015e6195939f40059b14dfc07cbb36c3.pdf,https://www.lapalany.com,"Cash, Credit, Debit",,,,https://www.facebook.com/lapalaglencove/,https://www.instagram.com/lapalaglencove/,,"https://static.wixstatic.com/media/5e6920_9b26bac3adf44059957277dd7e2b1d24~mv2.jpg/v1/fill/w_1228,h_691,al_c,q_90,usm_0.66_1.00_0.01/5e6920_9b26bac3adf44059957277dd7e2b1d24~mv2.webp",https://www.DoorDash.com/store/la-pala-glen-cove-595384/en-US
La Vicharra,Latin,"Latin, Deli, Hot Food",Open,Glen Cove,72 School St.,Mon-Sun 9am-10pm,Phone,Takeout,516-801-3521,https://www.lavicharra.com/menu,https://www.lavicharra.com,"Cash, Credit, Debit",Lunch Special,,lavicharraperu@gmail.com,https://www.facebook.com/lavicharra/,,,https://scontent-ort2-2.xx.fbcdn.net/v/t1.0-9/44571536_1990238194368762_991766579244957696_n.jpg?_nc_cat=100&_nc_sid=8bfeb9&_nc_ohc=Cu1UH5BHUWEAX__mrqo&_nc_ht=scontent-ort2-2.xx&oh=fe6e192386c921e32b0ba348cfa957ba&oe=5EB59DF1,
Landing Bakery,Bakery,"Bakery, Breakfast, Coffee",Closed,Glen Cove,147 Landing Rd A,,,,516-676-9299,,,"Cash, Credit, Debit",,,,,,,,
Leo's Deli,Deli,"Dominican, Deli, Hot Food",Open,Glen Cove,74 Glen Cove Ave #2818,"Mon-Fri 7am-5pm, Sat 7am-4pm",Phone ,Takeout,516-801-4899,NONE,NONE,"Cash, Credit, Debit",,,,https://www.facebook.com/Leos-Deli-408079402582826/,,,"https://media-cdn.grubhub.com/image/upload/d_search:browse-images:default.jpg/w_150,h_130,f_auto,g_auto,q_auto,dpr_auto,c_fill/xakubv8xknctdsao9ryh",
Lin's ,Asian,"Asian, Chinese",Open,Glen Cove,214 Glen Cove Ave C,Mon-Sun 11am-10pm,Phone,Takeout,516-759-3340,https://www.zmenu.com/lins-kitchen-glen-cove-online-menu/,NONE,"Credit, Debit",,,,,,,https://cdn.usarestaurants.info/assets/uploads/e23bf896049c7fa7c69c32be7e03aece_-united-states-new-york-nassau-county-glen-cove-63573-lin-shtm.jpg,
Long Island Bagel Cafe,Cafe,"Cafe, Bagels, Breakfast, Coffee",Open,Glen Cove,89 Forest Ave.,"Mon-Fri 5am-8pm, Sat 5am-7pm, Sun 5am-6pm","Phone, Grubhub, DoorDash, Seamless, Uber Eats","Takeout, Delivery",516-671-3354,https://bagelcafe.wpengine.com/menus/daily-menu/,https://libc.com,"Cash, Credit, Debit",,,john@libagelcafe.com,https://www.facebook.com/Glen-Cove-Bagel-Cafe-138855226176877/,,,https://img.grouponcdn.com/deal/62d8929317454315bb813520082fa1cd/cd/v1/c700x420.jpg,
Machu Picchu,Latin,Peruvian,Open,Glen Cove,15 Bridge St.,"Mon-Sat 9am-10pm, Sun 11am-9pm",Phone,"Takeout, Delivery",516-759-1382,https://www.doordash.com/store/machupicchu-glen-cove-906535/en-US/?utm_campaign=gpa,NONE,"Credit, Debit",,,,,,,https://s3-media0.fl.yelpcdn.com/bphoto/_MvBw8Cq6xSfcWMOmEJnRw/348s.jpg,
Marle's Cafe ,Cafe,"Cafe, Healthy",Closed,Glen Cove ,8 School  St. ,,phone,Take out ,516-200-5010,,,"Cash, Credit/debit cards",,,marlecafeny@gmail.com,,,,,
McDonald's,Fast Food,"Fast Food, Burgers",Open,Glen Cove,193 Glen St.,"Mon-Sat 24 hrs, Sun 4am-12am",Website,"Drive Thru, Delivery",516-671-7455,https://www.mcdonalds.com/us/en-us.html#,https://www.mcdonalds.com/us/en-us.html,"Cash, Credit, Debit",,,,https://www.facebook.com/McDonalds193GlenSt/,,,https://i0.wp.com/www.eatthis.com/wp-content/uploads/2016/12/mcdonalds-fast-food.jpg?fit=1024%2C750&ssl=1,https://www.ubereats.com/nyc-suburbs/food-delivery/mcdonalds-glen-cove-glen-st/ss3SXVdjSBOwr3vMqsgrLQ?utm_source=McDs&utm_medium=Website&utm_term=McDWebsiteLink&ue=ue
Meritage Wine Bar,American,"American, Wine",Open,Glen Cove,90 School St.,Mon-Sun 12pm-8pm,"Phone, Doordash","Takeout, Delivery",516-801-0055,http://meritagebar.com/assets/menuforonline4.6.20.pdf,http://www.meritagebar.com,"Cash, Credit, Debit",,,info@meritagebar.com,https://www.facebook.com/meritagewinebar/,https://www.instagram.com/meritagewinebar/,https://twitter.com/meritagewinebar,http://users.neo.registeredsite.com/3/6/7/17346763/assets/6board.JPG,
Noble Savage Brewing Company,Brewery,"Brewery, Beer",Open,Glen Cove,27 Glen St.,Thu-Sun 3-8pm,"Phone, Website",Delivery,516-953-9175,https://my-site-101214-107255.square.site/?fbclid=IwAR1jfu7Jzj5xBa_VscKeosmOg5apjAvv8pxE8vKAsKx_jZd4IKgpNEWFI74,https://www.noblesavagebrews.com,"Credit, Debit",,,noblesavagebrewing@gmail.com,https://www.facebook.com/noblesavagebrewco/,https://www.instagram.com/noblesavagebrewco/,,https://scontent-ort2-2.cdninstagram.com/v/t51.2885-15/e35/p1080x1080/69399550_716194668826290_8136018973181716964_n.jpg?_nc_ht=scontent-ort2-2.cdninstagram.com&_nc_cat=106&_nc_ohc=4VbREkyUMqAAX-bzgYZ&oh=4bac3b48dea97b8dbdc90ca29ee0d336&oe=5EBB3211,https://my-site-101214-107255.square.site/?fbclid=IwAR019Dqxa2wIrgLiFLp0VudzXLKBMfty6kFS2BJl0zBN4zH34m4pblLd6d0
NY Chicken and Rice,American,"American, Street Cart Food",Open,Glen Cove,214 Glen Cove Ave.,Mon-Sat 11am-10pm,"Phone, DoorDash, Grubhub, Uber Eats","Takeout, Delivery",516-801-8080,https://www.nychickenandrice.com/menu/,https://www.nychickenandrice.com,"Cash, Credit, Debit",,,nychickenandrice@gmail.com,,https://www.instagram.com/nychickenandrice/,,https://www.nychickenandrice.com/wp-content/uploads/2018/10/IMG_1306-1.jpg,https://www.grubhub.com/restaurant/ny-chicken-and-rice-214-glen-cove-ave-ste-202-glen-cove/979776?gclid=CjwKCAjwpqv0BRABEiwA-TySwYDvb8HkSqeVUtoCYfbjIQiw90oml2bu8pY3Y96z7a3EUTCr2Hwt6BoCQTgQAvD_BwE&gclsrc=aw.ds
Old Fashioned Bakery,Bakery,"Bakery, Pizza, Cafe",Open,Glen Cove,10 Cedar Swamp Rd,Mon-Sun 6am-5pm,Store,Takeout,516-759-1141,NONE,NONE,"Cash, Credit, Debit",,,,,,,https://s3-media0.fl.yelpcdn.com/bphoto/BPzoqeclBJkrnNwU84DHLA/348s.jpg,
Panera Bread,American,"American, Cafe, Fast Food",Open,Glen Cove,1 Village Square,Mon-Sun 7am-9pm,"Website, Mobile App","Drive Thru, Delivery",516-671-3612,https://www.panerabread.com/en-us/home.html,https://www.panerabread.com/en-us/home.html,"Cash, Credit, Debit, Mobile App",,,pbglencove@dohertyinc.com,https://www.facebook.com/PaneraBreadGlenCoveNY/,,,https://www.panerabread.com/foundation/panerabread/menu/delivery-categories/misc/og.jpg,https://delivery.panerabread.com/?utm_medium=brand-microsite&utm_source=local&utm_campaign=yext&utm_term=order-online&utm_content=cafe-landing-page
Panini Tuscany Grill,Cafe,"Cafe, Breakfast, Sandwiches",Open,Glen Cove,58 Forest Ave.,"Mon-Fri 6am-6pm, Sat 6am-4pm, Sun 9am-3pm",Phone,"Takeout, Curbside, Delivery",516-609-2560,https://www.zmenu.com/panini-tuscany-grill-glen-cove-online-menu/,NONE,"Cash, Credit, Debit",,,,https://m.facebook.com/paninituscanygrill/,,,https://scontent-ort2-2.xx.fbcdn.net/v/t31.0-8/s960x960/1025873_736868099711626_3963511444669856705_o.jpg?_nc_cat=107&_nc_sid=e3f864&_nc_ohc=cO1B9DGi14sAX-Ha6tu&_nc_ht=scontent-ort2-2.xx&_nc_tp=7&oh=5965a21320451522e8b03607fd4918d2&oe=5EB603C5,
Pat's Place,American,"American, Irish, Bar, Grill",Closed,Glen Cove,70 Landing Rd.,,,,516-723-9710,https://patsplacebar.com/pats-place-menu/,https://patsplacebar.com,"Cash, Credit, Debit",Weekly Drink Specials,,,https://www.facebook.com/Pats-Place-695461243855203/,,,,
Phil's Pizza,Italian,"Italian, Pizza, Pasta, Salads",Open,Glen Cove,21 Cedar Swamp Rd,Mon-Sun 12pm-8pm,Phone,"Takeout, Delivery",516-759-7510,http://www.phils-glencove.com/menus,http://www.phils-glencove.com/,"Cash, Credit, Debit",,,,https://www.facebook.com/PhilsGlenCove/,,,"https://static.wixstatic.com/media/b93de8876813480e97358168de108f16.jpg/v1/fill/w_640,h_686,al_c,q_85,usm_0.66_1.00_0.01/b93de8876813480e97358168de108f16.webp",
Puerto Vallarta,Mexican,Mexican,Closed,Glen Cove,48 Cedar Swamp Rd,,,,517-277-2900,On Website,http://www.puertovallartaglencove.com/,"Cash, Credit, Debit",,,,https://www.facebook.com/puertovallarta.vallarta,,,,
Punto Rojo,Latin,"Latin, Colombian",Open,Glen Cove,209 Forest Ave.,Mon-Sun 8am-8pm,"Phone, Website","Takeout, Delivery",516-801-4545,On Website,http://puntorojocafe.com/?utm_source=gmb&utm_medium=referral,"Cash, Credit, Debit",,,puntorojocafe209@gmail.com,https://www.facebook.com/pages/category/Bakery/Punto-Rojo-Cafè-595461310891670/,,,,
Quisqueya Grocery,Latin,"Dominican, Deli, Hot Food",Closed,Glen Cove,19 Bridge St,,,,516-759-4346,,,,,,,,,,,
Ralph's Italian Ices,Desserts,"Desserts, Ice Cream",Open,Glen Cove,75 Forest Ave.,Mon-Sun 11am-10pm,"Store, Phone, Doordash, Uber Eats","Takeout, Delivery",516-686-6600,https://www.doordash.com/store/ralph-s-italian-ices-glen-cove-873155/en-US,https://www.ralphsices.com,"Cash, Credit",,,,https://www.facebook.com/RalphsFamous/,https://www.instagram.com/glencoveralphs/,https://twitter.com/RalphsFamous,https://scontent-ort2-2.xx.fbcdn.net/v/t1.0-9/13524290_1048558018595314_6053164294399474749_n.jpg?_nc_cat=103&_nc_sid=e3f864&_nc_ohc=N6Vi3pQSTK8AX-OObG3&_nc_ht=scontent-ort2-2.xx&oh=df13ae0fde1ca99489133a18fa8cb028&oe=5EB6FE74,
Riviera Grill,Italian,"Italian, Pasta, Seafood",Closed,Glen Cove,274 Glen St,"Mon-Fri 12pm-10pm, Sat-Sun 2pm-10:30pm",Phone,Takeout,516-674-9370,http://www.kpsearch.com/DF/rivieragrill/all.asp?action=dinner,www.rivieragrillrestaurant.com,"Cash, Credit, Debit",http://www.kpsearch.com/DF/rivieragrill/dailymenu.pdf,,,https://www.facebook.com/pages/category/Italian-Restaurant/Riviera-Grill-Restaurant-113950281968850/,,,https://ded7t1cra1lh5.cloudfront.net/media/253128/f987f536167c9fb279b64c0556fade589dc04333/medium/o_(2).jpg?1489504234,
Sal's Pizza,Italian,"Italian, Pizza, Pasta, Salads",Open,Glen Cove,210 Glen St,Mon-Sun 11am-11pm,Phone,"Takeout, Delivery",516-676-5444,http://salspizzaglencove.com/wp-content/uploads/2020/03/sals_menu2020.pdf,https://salspizzaglencove.com,"Cash, Credit, Debit",On Website,,,,,,https://s3-media0.fl.yelpcdn.com/bphoto/wcITW4kTmqnZ059AZ-Z4Zg/o.jpg,
Sid's All American,American,"American, Burgers",Closed,Glen Cove,80 Glen Cove Ave,Mon-Sun 11m-8pm,"Store, Phone, Website, DoorDash","Takeout, Delivery",516-200-9071,http://sidsallamerican.com/menu/,http://sidsallamerican.com,"Cash, Credit, Debit, Apple Pay",,,,https://www.facebook.com/SidsAllAmerican/,https://www.instagram.com/sidsallamerican/,,http://sidsallamerican.com/wordpress/wp-content/themes/mes/img/pic-double.jpg,
Simpliciti Cafe,Cafe,"Cafe, Healthy",Open,Glen Cove,17 Bridge St.,Mon-Sat 10am-5pm,"Phone, Grubhub, DoorDash","Takeout, Delivery",516-801-1468,https://simpliciticafe.square.site/,https://simpliciticafe.square.site/,"Cash, Credit, Debit, Apple Pay",,,simpliciticafe@gmail.com,https://www.facebook.com/simpliciticafe/,https://www.instagram.com/simpliciticafe/,,https://scontent-ort2-2.xx.fbcdn.net/v/t1.0-9/p960x960/91980922_135740051323848_6233493668288790528_o.jpg?_nc_cat=102&_nc_sid=9267fe&_nc_ohc=Uu3ABmam0oYAX_qeoHQ&_nc_ht=scontent-ort2-2.xx&_nc_tp=6&oh=1c946ff6a58b5db2ff5f4b22e5fb3f0d&oe=5EB3C4E2,
Sopah Thai Kitchen,Asian,"Thai, Lunch, Dinner",Open,Glen Cove,11 Cedar Swamp Rd,"Mon 11:30am-9pm, Wed-Sat 11:30am-9pm",Phone,"Takeout, Delivery",516-945-3688,https://www.zmenu.com/sopah-thai-kitchen-glen-cove-2-online-menu/,https://www.facebook.com/sopahthaikitchen/,"Cash, Credit, Debit",Lunch Specials,,sopahthai@gmail.com,https://www.facebook.com/sopahthaikitchen/,,,https://media-cdn.tripadvisor.com/media/photo-s/14/b1/ec/c0/photo2jpg.jpg,
Starbucks Downtown GC,Cafe,"Cafe, breakfast, coffee",Closed,Glen Cove,5 School St.,,,,516-759-5898,,https://www.starbucks.com,"Cash, Credit, Debit, Mobile App",,,,https://www.facebook.com/pages/category/Coffee-Shop/Starbucks-139056592793256/,,,,
Starbucks Sea Cliff,Cafe,"Cafe, Breakfast, Coffee",Open,Glen Cove,202 Glen Cove Ave suite a,Mon-Sun 6am-6pm,"Drive Thru, Mobile App",Drive Thru,516-759-0853,https://www.starbucks.com/menu,https://www.starbucks.com,"Cash, Credit, Debit, Mobile App",,,,,,,https://api.time.com/wp-content/uploads/2015/06/starbucks-frappuccino.jpg,
Subway ,Fast Food,"Fast Food, Sandwiches",Open,Glen Cove,217 Forest Ave.,"Mon-Sat 9am-9pm, Sun 9am-8pm",Phone,Takeout,516-629-6846,https://www.subway.com/en-US/MenuNutrition/Menu/All,https://www.subway.com/en-US,"Cash, Credit, Debit",,,,,,,https://assets3.thrillist.com/v1/image/2778185/size/gn-gift_guide_variable_c_2x.jpg,
Sweet Mandarin,Asian,"Chinese, Japanese",Closed,Glen Cove,18 Cottage Row,,Website,"Takeout, Delivery",516-671-2228,,https://www.sweetmandarinny.com,"Cash, Credit, Debit",,,sweetmandarin18@gmail.com,https://www.facebook.com/sweetmandarin18/,https://www.instagram.com/sweet_mandarin/,,,
Taco Bell,Fast Food,"Fast Food, Mexican, Tacos",Open,Glen Cove,98 Forest Ave.,"Sun-Thu 10am-9pm, Fri-Sat 10am-10pm","Drive Thru, Mobile App","Drive Thru, Takeout, Delivery",516-759-4669,https://www.tacobell.com/food,https://www.tacobell.com/?store=029787,"Cash, Credit, Debit",,,,https://www.facebook.com/Taco-Bell-202550353171213/,,,https://lh3.googleusercontent.com/proxy/oEanazvSqtWxg_Ltl_fqnSSWaa_WAzt68zdkL1wsutg7AMCsCtw1tCSOoXnC13D-9M53ImwtmWSQmmMBqU453l50i29KMUOoCoYlSjopE6-8qO1ufpcj5Wmi11v6nHb97CAk,
Thaiana,Asian,"Thai, Hibachi",Closed,Glen Cove,63 Glen St,,Phone,,516-218-9814,https://thaianatogo.com,http://www.glencovethaiana.com,"Cash, Credit, Debit",,,,,,,,
The Cove Restaurant and Oyster Bar,American,"American, Seafood",Closed,Glen Cove,74 Shore Rd,,,,516-676-1211,,http://www.thecoveny.com/?fbclid=IwAR1KUMj-HLNv3xDIrraRZWyLY0pADIZa-WqhQOH0DVZfg6cRdY1rwXCGta0#,"Cash, Credit, Debit",,,info@thecoveny.com,https://www.facebook.com/thecoveny/,https://www.instagram.com/thecoveny/,,,
Downtown Cafe,Italian,"Italian, Pizza, Pasta, Salads",Open,Glen Cove,4 School St,"Tues-Sun 11am-9pm, Mon 5pm-9pm","Phone, Seamless, Grubhub","Takeout, Delivery",516-759-2233,http://downtowncafeandpizza.com/wp-content/uploads/2018/02/DT_TakeoutMenu_2018.pdf,https://downtowncafeandpizza.com,"Cash, Credit, Debit",,,thedowntowncafe@gmail.com,https://www.facebook.com/thedowntowncafeandpizzeria/,,,https://slicelife.imgix.net/8623/photos/original/open-uri20171123-1146-d7qyrp?auto=compress&auto=format&h=464,https://www.grubhub.com/restaurant/the-downtown-cafe-4-school-st-glen-cove/560062?utm_source=google&utm_medium=cpc&utm_campaign=National%20%7C%20All%20%7C%20PPA%20%7C%2007&utm_content=560062&chiri_offerPromoOneLiner=6ClUAlSjVkWxuRTA694RfS&chiri_offerPromo=21U71uQgnUk02K0ngHeT1u&chiri_restaurant-banner=2dV3vstW4Y3GnfI4fpWvgl&gclid=CjwKCAjw7LX0BRBiEiwA__gNw4j_H5s0a-sWWn5rUmu_2RXQDZXXxb3IlqqfVESOmmt9ytp-Q3y76RoCU0EQAvD_BwE&gclsrc=aw.ds
The Marquess Tavern,American,American,Closed,Glen Cove,200 Dosoris Ln.,Mon-Sun 12pm-7pm,Phone,"Takeout, Delivery",516-751-5623,,https://www.glencovemansion.com,"Cash, Credit, Debit",,,info@glencovemansion.com,https://www.facebook.com/GlenCoveMansion/,https://www.instagram.com/themansionatglencove/,https://twitter.com/glencovemansion,,
The Polish Deli,European,"European, Polish",Open,Glen Cove,18 Forest Ave.,"Mon-Fri 7am-7pm, Sat 9am-5pm, Sun 10am-2pm",Phone,Curbside,516-277-1469,http://www.thepolishdeli.com/menu.html,http://www.thepolishdeli.com/index.html,"Cash, Credit, Debit, Apple/Google Pay",,,admin@thepolishdeli.com,https://www.facebook.com/delipolish/,,,https://lh3.googleusercontent.com/proxy/ur8x_Bik7pFa7WEVoL_7-_3yW5ncigi6BDd6UGb_zgPjLycFyVNc9a0IrjytR1ESQbmJCP3J_i8mUP-WExAsgRXMJEpxQ-59YR6QtH74C0V103aWYLpAcXawkcL8U8iMWFcIDrk,
The View Grill,American,"American, Greek, Pasta",Open,Glen Cove,111 Lattingtown Rd.,"Mon-Fri 11am-9pm, Sat 11am-11pm, Sun 11am-11pm","Phone, Doordash","Takeout, Curbside, Delivery",516-200-9603,https://www.theviewgrill.info/delivery-menu,https://viewgrillgc.com,"Cash, Credit, Debit",Daily Must Call,,viewgrillchef@gmail.com,https://www.facebook.com/TheViewGrillRestaurant/,,https://twitter.com/TheviewgrillGC,https://scontent-ort2-2.xx.fbcdn.net/v/t1.0-9/s960x960/73034845_2433017443402636_9020696657620107264_o.jpg?_nc_cat=103&_nc_sid=9267fe&_nc_ohc=vdaiNcS6VTAAX_Fd-GD&_nc_ht=scontent-ort2-2.xx&_nc_tp=7&oh=576afcf9ff870e0d36c477020d5762ff&oe=5EB59837,
Tokyo Sushi,Asian,"Asian, Sushi",Closed,Glen Cove,2 Glen St,,,,,,,,,,,,,,,
Villa Meci Pizzeria,Italian,"Italian, Pizza, Pasta, Salads",Open,Glen Cove,214 Glen Cove Ave.,Mon-Sun 11am-9pm,"Phone, Grubhub, Chownow, Seamless","Takeout, Delivery",516-801-4400,http://www.villameci.com/menu/,http://www.villameci.com,"Cash, Credit, Debit",,,,https://www.facebook.com/VillaMeciPizza/,https://www.instagram.com/villameci/,,http://www.villameci.com/wp-content/gallery/gallery01/IMG_4340.jpg,
Vito's Ristorante & Pizzeria,Italian,"Italian, Pizza, Pasta, Salads",Open,Glen Cove,91 Forest Ave.,Mon-Sun 11am-8pm,"Phone, Online","Curbside, Delivery",516-759-1366,https://www.vitospizzany.com/pizza-menu,https://www.vitospizzany.com,"Cash, Credit, Debit",,,,https://www.facebook.com/VitosPizzaNY/,https://www.instagram.com/vitospizzany/,,,
Wendy's ,Fast Food,"Fast Food, Burgers",Open,Glen Cove,210 Glen St,Mon-Sun 6:30am-12am,"Drive Thru, Grubhub, DoorDash, Postmates","Drive Thru, Delivery",516-676-7023,https://order.wendys.com/categories?site=menu,https://www.wendys.com/home,"Cash, Credit, Debit",,,,https://www.facebook.com/Wendys210GlenSt/,,,https://www.fastfoodmenuprices.com/wp-content/uploads/2018/02/wendysdouble.jpg,
Wild Fig,Mediterranean,Mediterranean,Open,Glen Cove,167 Glen St,Mon-Sun 4pm-8pm,Phone,Takeout,516-656-5645,https://cef861a9-8128-426a-a461-392e0ae101f7.filesusr.com/ugd/c94fa6_45d574c1555f4bcf97aac37577c810ce.pdf,https://www.wildfigonline.com,"Cash, Credit, Debit",,,,https://www.facebook.com/mywildifig,https://www.instagram.com/wildfig.mediterranean/?hl=en,,"https://static.wixstatic.com/media/c94fa6_21bdc475f8794bdca2bfc21c40f7d79e.jpg/v1/fill/w_784,h_436,al_c,q_90,usm_0.66_1.00_0.01/c94fa6_21bdc475f8794bdca2bfc21c40f7d79e.webp",
Wings Plus Deli,American,"American, Wings",Open,Glen Cove,46 School St,Mon-Sun 12pm-8pm,"Phone, Grubhub, Seamless, Postmates, DoorDash","Takeout, Delivery",516-723-9378,https://www.wingsplusdeli.com/#/,https://www.wingsplusdeli.com/#/,"Cash, Credit, Debit",On Website,,felixcoronel17@hotmail.com,https://www.facebook.com/Wings-Plus-Deli-110441567168875/,,,https://scontent-ort2-2.xx.fbcdn.net/v/t1.0-9/50231544_10155901357700009_5083196487484047360_n.jpg?_nc_cat=101&_nc_sid=8bfeb9&_nc_ohc=kv7s4Ywy_08AX-90Nqw&_nc_ht=scontent-ort2-2.xx&oh=cf37158b39ca4c322ef84f520aea4027&oe=5EB41AAC,
Zouji Dumpling House,Asian,"Asian, Dumplings",Open,Glen Cove,188 Glen Cove Ave,Mon-Sun 10am-10pm,"Phone, Grubhub","Takeout, Delivery Service",516-801-4848,https://www.zoujidumpling.com/menu,https://www.zoujidumpling.com/,,,,,,,,http://www.zoujidumplinghouse.com/wp-content/uploads/photo-gallery/imported_from_media_libray//Dumpling.jpg,
St. Rocco's Bakery,Bakery,"Bakery, Italian, Pizza, Pasta",Closed,Glen Cove,4 St Rocco Pl,"Mon-Sat 7am-7pm, Sun 7am-5pm",Phone,Takeout,516-427-5333,https://www.facebook.com/StRoccosBakery,https://www.facebook.com/StRoccosBakery,Cash,,,,https://www.facebook.com/StRoccosBakery,,,https://scontent-ort2-2.xx.fbcdn.net/v/t1.0-9/13872991_1336855363011162_6997747463597871166_n.jpg?_nc_cat=103&_nc_sid=8bfeb9&_nc_ohc=vX6K_4RKhKkAX8CwOFJ&_nc_ht=scontent-ort2-2.xx&oh=7163092581908c079e3fc690108c81be&oe=5EB4D786,
Rising Tide Natural Market,Market,"Market, Healthy",Open,Glen Cove,42 Forest Ave,"Mon-Tue 8am-5pm, Thu-Sun 8am-5pm",Phone,Curbside,516-676-7895,https://risingtidemarket.com/current-selections/,https://risingtidemarket.com/,Credit,,,,https://www.facebook.com/RisingTideNaturalMarket,,,https://scontent-ort2-2.xx.fbcdn.net/v/t1.0-9/s960x960/65568092_2485821191469535_8292883611447721984_o.jpg?_nc_cat=108&_nc_sid=2c4854&_nc_ohc=WSwqI6Qc7UEAX9P-jHD&_nc_ht=scontent-ort2-2.xx&_nc_tp=7&oh=8ed0e3e1c263578405b26b9d5e448d2c&oe=5EB67DE1,
La Placita Supermarket,Market,Market,Open,Glen Cove,210 Glen St,Mon-Sun 7am-8pm,Store,Store,516-200-5777,https://www.facebook.com/LaPlacitaGlenCove/,https://www.facebook.com/LaPlacitaGlenCove/,"Cash, Credit, Debit",,,,,,,https://scontent-ort2-2.xx.fbcdn.net/v/t1.0-9/21192696_1646851742053384_2346967567543849412_n.jpg?_nc_cat=108&_nc_sid=e3f864&_nc_ohc=yvlfPWoRfwkAX_MorDd&_nc_ht=scontent-ort2-2.xx&oh=4c3dd33d3b3551a8b2a7b13d58925ec7&oe=5EB4A8D2,
Stop & Shop,Market,Market,Open,Glen Cove,177 Forest Ave,Mon-Sun 7:30am-8pm,Store,Store,516-759-1440,https://stopandshop.com/,https://stores.stopandshop.com/ny/glen-cove/177-forest-avenue,"Cash, Credit, Debit",,,,,,,https://media2.fdncms.com/clevescene/imager/u/original/32678071/dsc_3814.jpg,
King Kullen,Market,Market,Open,Glen Cove,77 Forest Ave,Mon-Sun 8am-8pm,Store,Store,516-759-2000,http://kingkullen.mywebgrocer.com/StoreLocator.aspx,https://www.kingkullen.com/glen-cove/,"Cash, Credit, Debit",http://kingkullen.mywebgrocer.com/StoreLocator.aspx,,,,,,https://www.kingkullen.com/wp-content/uploads/2017/06/Seasonal-Vegetables.jpg,
North Shore Farms,Market,Market,Open,Glen Cove,190 Glen Cove Ave,Mon-Sun 7am-8pm,Store,Store,516-609-0303,http://northshorefarms.com/circular/,http://northshorefarms.com/,"Cash, Credit, Debit",http://northshorefarms.com/circular/,,,,,,https://s3-media2.fl.yelpcdn.com/bphoto/Z4dFCFnkxyltilESk7ZFIw/o.jpg,
Conscious Kitchen,American,"American, Healthy, Juices",Open,Glen Cove,Glen Cove,Mon-Sun 9am-5pm,Website,Delivery,516-946-1784,https://www.consciouskitchenli.com/menus,https://www.consciouskitchenli.com/,"Credit, Debit",,,,,,,https://scontent-ort2-2.xx.fbcdn.net/v/t1.0-9/p960x960/90661392_938168966617753_1496784523424169984_o.jpg?_nc_cat=103&_nc_sid=9267fe&_nc_ohc=Ia5GYJIJK58AX8qvDTs&_nc_ht=scontent-ort2-2.xx&_nc_tp=6&oh=98f37fc52d75a0559cf7e400d4b610a4&oe=5EBE2336,
The Metropolitan Bistro,American,Bistro,Open,Sea Cliff,39 Roslyn Ave,Mon-Sun 5pm-8pm,"Phone, Doordash, Uber Eats","Curbside, Delivery Service",516-801-4500,http://www.themetropolitanbistro.com/take-out-menu/,http://www.themetropolitanbistro.com,"Cash, Credit, Debit",http://www.themetropolitanbistro.com/2020/03/curbside-pick-up-now-available/,,manager@themetropolitanbistro.com,https://www.facebook.com/TheMetropolitanBistro/,,,https://d1ralsognjng37.cloudfront.net/dcf26d30-1968-45ff-ac86-7b16fc50871e,
Still Partners ,American,"American, Bar",Open,Sea Cliff,225 Sea Cliff Ave,,,,516-200-9229,http://www.stillpartners.com/menu-1,http://www.stillpartners.com,"Cash, Credit, Debit",,,stillpartners@gmail.com,https://www.facebook.com/StillPartnersBar,,,https://images.squarespace-cdn.com/content/v1/51f07176e4b042671f319508/1405516385866-XXJ7VK8WWKZ99WO02V25/ke17ZwdGBToddI8pDm48kFYufgm8QcJp5Lc66-xabSF7gQa3H78H3Y0txjaiv_0fDoOvxcdMmMKkDsyUqMSsMWxHk725yiiHCCLfrh8O1z5QPOohDIaIeljMHgDF5CVlOqpeNLcJ80NK65_fV7S1UeTte-rLZmzduGNbNTRTN8gT5Yt25F5_6JUVoYI4Mz58B_rxXnGcBlRHfueBT1dxxQ/salmon.jpg.jpg?format=2500w,
Il Villaggio Pizzeria & Ristorante,Italian,"Italian, Pizza, Pasta, Salads",Open,Sea Cliff,227 Sea Cliff Ave #1210,Tue-Sat 11:30am-8pm,"Phone, Website","Takeout, Delivery",516-671-6622,https://slicelife.com/restaurants/ny/sea-cliff/11579/ii-villaggio-pizzeria/menu?segment_id=e5c91015-8b1f-410b-b7e6-b49db152ef1c&utm_campaign=partner_websites,https://www.iivillaggiopizzeria.com,"Cash, Credit, Debit",,,ilvillaggiopizza@gmail.com,https://www.facebook.com/IlVillaggioPizza/,,,https://s3-media0.fl.yelpcdn.com/bphoto/JRYrynWcA8vo8ch67SKNUQ/o.jpg,
Tavern 227,American,"American, Italian, Bar",Open,Sea Cliff,227 Sea Cliff Ave,Tue-Sat 3pm-8pm,Phone,"Curbside, Delivery",516-200-9179,https://www.tavern227.com/menu,https://www.tavern227.com,"Cash, Credit, Debit",,,tavern227@gmail.com,https://www.facebook.com/tavern227/,https://www.instagram.com/tavern227/,,https://www.liherald.com/uploads/original/20190329-124614-51079%20B%20SC%20GC%20Tavern%20Chef%20AS%203_28_NOISY_CMYK.jpg,
The Onion Tree,Indian,"Indian, Indian Fusion, American",Open,Sea Cliff,242 Sea Cliff Ave,Wed-Sun 2pm-8pm,Phone,"Curbside, Delivery",516-801-4292,https://www.theoniontree.com,https://www.theoniontree.com,"Cash, Credit, Debit",On Website,,info@theoniontree.com,https://www.facebook.com/theoniontreeseacliff/,,,https://www.theoniontree.com/uploads/1/6/1/4/16142188/published/img-2779.jpg?1585143284,
The Wells Cafe & Apothecary,Cafe,"Cafe, Sandwiches, Grocery",Open,Sea Cliff,304 Sea Cliff Ave,Thu-Tue 8am-5pm,"Phone, Website","Takeout, Delivery",516-671-2493,https://thewellscafe.com,https://thewellscafe.com,"Cash, Credit, Debit",,,hello@thewellscafe.com,https://www.facebook.com/thewellscafe/,https://www.instagram.com/thewellscafe/,,https://instagram.fapa1-1.fna.fbcdn.net/v/t51.2885-15/e35/s1080x1080/90714792_533862910886855_7353693217251596823_n.jpg?_nc_ht=instagram.fapa1-1.fna.fbcdn.net&_nc_cat=111&_nc_ohc=pNHtfZK_EocAX8qm5fT&oh=709f86a07746f71ab631fc34c424d525&oe=5EBCBE68,
K C Gallaghers,Bar & Grill,Bar & Grill,Open,Sea Cliff,325 Sea Cliff Ave,Mon-Sun 12pm-6pm,Phone,Takout,516-656-0996,https://www.kcgallaghersseacliff.com/menu,https://www.kcgallaghersseacliff.com/,"Cash, Credit, Debit",,,,,,,https://digitalmarketing.blob.core.windows.net/5310/images/items/image44166.jpg,
Maldon & Mignonette,American,"Gluten/Dairy free friendly, vegan",Closed,Sea Cliff,243 Glen Cove Ave,,,,516-801-3250,,https://www.maldonmignonette.com,,,,,https://www.facebook.com/maldonandmignonette/,https://www.instagram.com/maldonmignonette/,,,
Tre Sorelle Ristorante,Italian,"Pasta, Salads, Soups, Pizza",Open,Sea Cliff,347 Glen Cove Ave,Mon-Sun 4pm-8pm,Phone,"Takeout, Delivery",516-676-2900,https://www.tresorelleristorante.com/menu,https://www.tresorelleristorante.com,"Cash, Credit, Debit",,,,https://www.facebook.com/pages/category/Italian-Restaurant/Tre-Sorelle-Ristorante-116662098490171/,https://www.instagram.com/tresorelleseacliff/,,,
La Spezia,Italian,"Pasta, Salads, Soups",Open,Sea Cliff,400 Glen Cove Ave,"Tue-Thu 5pm-10pm, Fri-Sat 5pm-11pm, Sun 5pm-9pm",Phone,"Curbside, Delivery",516-801-4155,https://laspeziafamilystyle.com/pdf/LaSpezia_Takeout_Menu-WEB.pdf,https://laspeziafamilystyle.com,"Cash, Credit, Debit",,,info@laspeziafamilystyle.com,https://www.facebook.com/Laspeziarestaurant/,,,https://laspeziafamilystyle.com/images/slider.jpg,
Pezzi Pizza,Italian,Pizza,Open,Sea Cliff,500 Glen Cove Ave,"Sun-Thu 11am-8pm, Fri-Sat 11am-8:30pm","Phone, Website","Takeout, Curbside, Delivery",516-671-7222,www.pezzipizza.com,https://pezzipizza.business.site,"Cash, Credit, Debit",http://www.kpsearch.com/Email-Cpn-pezzipizza.htm,,pezzipizza@verizon.net,https://www.facebook.com/PezziPizza/,,,https://scontent-ort2-2.xx.fbcdn.net/v/t1.0-9/p960x960/70276318_10156160110577030_6942220949244608512_o.jpg?_nc_cat=106&_nc_sid=9267fe&_nc_ohc=C74i2IZoU6kAX8A0wtV&_nc_ht=scontent-ort2-2.xx&_nc_tp=6&oh=10675ae6b21c65a2478ad3ec141d849c&oe=5EBCAF05,
Blu Iguana ,Latin,"Mexican, Modern",Closed,Sea Cliff,494 Prospect Ave,,,,516-801-6336,https://www.bluiguanamexican.com/menu.html,https://www.bluiguanamexican.com,"Cash, Credit, Debit",,,,https://www.facebook.com/Blu-Iguana-Fun-Modern-Mexican-1599837600134723/,https://www.instagram.com/bluiguanamodernmexican/?hl=en,,,
Arata's Delicatessen & Cafe,Deli,"Cafe, Deli, Grocery",Open,Sea Cliff,303 Sea Cliff Ave,Mon-Sun 6am-7pm,Phone,"Takeout, Curbside",516-671-0290,https://aratasdeli.wixsite.com/aratasdeli/menus,https://aratasdeli.wixsite.com/aratasdeli,"Cash, Credit, Debit",,,,https://www.facebook.com/Aratas-Deli-Sea-Cliff-495541700608418/,,,"https://static.wixstatic.com/media/d09a8429a4594780aa9f7b53a3875b51.jpg/v1/fill/w_985,h_573,al_c,q_85,usm_0.66_1.00_0.01/d09a8429a4594780aa9f7b53a3875b51.webp",
Vinizzo,Winery,Winery,Closed,Sea Cliff,343 Sea Cliff Ave,,,,,http://www.vinizzo.com/#wines-section,http://www.vinizzo.com,"Cash, Credit, Debit",,,hello@vinizzo.com,https://www.facebook.com/vinizzowine,https://www.instagram.com/vinizzo_wine/,,,
Dunkin' Donuts Sea Cliff,Cafe,"Cafe, Breakfast, Donuts, Coffee",Open,Sea Cliff,347 Glen Cove Ave,Mon-Sat 6am-4pm,Mobile App,Takeout,516-676-4308,https://www.dunkindonuts.com/en/food-drinks,https://www.dunkindonuts.com/en,"Cash, Credit, Debit, Mobile App",,,,,,,https://static01.nyt.com/images/2018/09/26/business/26DUNKIN02/merlin_144328491_8c732b71-be5c-45a8-91f8-1abc7bb526b1-superJumbo.jpg,
COCO Confections + Coffee,Cafe,"Coffee, Cafe",Open,Sea Cliff,365 Glen Cove Ave,"Mon-Fri 7am-7pm, Sat 9am-6pm, Sun 9am-4pm","Phone, Email","Curbside, Delivery",516-277-2657,,https://www.coco-li.com,"Cash, Credit, Debit",,,Kenniff@coco-li.com,https://www.facebook.com/cococonfectionsandcoffee/,https://www.instagram.com/cocoseacliff/,,https://images.squarespace-cdn.com/content/v1/5b5e166b12b13f393a1ddb78/1549225814931-9ZNCDG1YL3K0IZVHQ7DR/ke17ZwdGBToddI8pDm48kCS_pdVouC--abksbY7Vqax7gQa3H78H3Y0txjaiv_0fDoOvxcdMmMKkDsyUqMSsMWxHk725yiiHCCLfrh8O1z4YTzHvnKhyp6Da-NYroOW3ZGjoBKy3azqku80C789l0k5fwC0WRNFJBIXiBeNI5fJfWsWDhkGl2JKiDhnC4sraUEUIVQrXK1lCVaNofGX3SA/IMG_0242.jpeg,
Subway ,Fast Food,"Fast Food, Sandwiches",Closed,Sea Cliff,347 Glen Cove Ave,,,,516-801-0320,,,,,,,,,,,
Sea Cliff Bagel Cafe,Cafe,"Cafe, Bagels, Breakfast, Coffee",Open,Sea Cliff,478 Glen Cove Ave,"Mon-Fri 5:30am-4pm, Sat-Sun 5:30am-3pm",Phone (Text:516-849-2479),"Curbside, Delivery",516-671-0100,https://seacliffbagelcafeny.com/daily-menu-279.htm,https://seacliffbagelcafeny.com,"Cash, Credit, Debit",,,,https://www.facebook.com/scbagelcafe/,https://www.instagram.com/seacliffbagelcafe/,https://twitter.com/seacliffbagel,https://scontent-ort2-2.xx.fbcdn.net/v/t1.0-9/46523461_1687602991343969_3792273831071055872_n.jpg?_nc_cat=104&_nc_sid=8bfeb9&_nc_ohc=pCekacxctjEAX8-pqOf&_nc_ht=scontent-ort2-2.xx&oh=f05d1d850324cb5020c76d55dc11a1c5&oe=5EBE162F,
Polish Kitchen,European,"European, Polish, Deli, Grocery",Open,Sea Cliff,602 Glen Cove Ave,"Mon-Fri 7am-7pm, Sat 7am-5pm, Sun 8am-3pm",Phone,"Takeout, Delivery",516-277-1957,,,"Cash, Credit, Debit",,,,https://www.facebook.com/polishkitchenseacliff/,,,https://scontent-ort2-2.xx.fbcdn.net/v/t1.0-9/57294194_806757693021457_3796761066873028608_n.jpg?_nc_cat=111&_nc_sid=8bfeb9&_nc_ohc=iSHrfh7nYqcAX_lts-C&_nc_ht=scontent-ort2-2.xx&oh=143d5d4f7a64c70c357d21672847288c&oe=5EC01245,
Sea Cliff Natural Market,Deli,"Grocery, Deli",Open,Sea Cliff,347 Glen Cove Ave,"Mon-Sat 8am-8pm, Sun 8:30am-7pm",Store,Store,516-674-8663,,,"Cash, Credit, Debit",,,,,,,https://s3-media0.fl.yelpcdn.com/bphoto/bF1XBPVujJb3R4b0ckP90w/o.jpg,
Sam's Deli,Deli,"Deli, Sandwiches",Open,Glen Head,636 Glen Cove Ave,"Mon-Fri 6am-3:30pm, Sat 7am-3pm",Phone,Takeout,516-759-6634,,,"Cash, Credit, Debit",,,,,,,https://d1bjorv296jxfn.cloudfront.net/s3fs-public/styles/recipes_header_image/public/recipe-images/sargento/Engine-House-Special.jpg?itok=vBStVk_r,
Ralph's Italian Ices,Desserts,"Desserts, Ice Cream",Open,Glen Head,685 Glen Cove Ave,Mon-Sun 11am-10pm,"Store, Phone, Doordash, Uber Eats","Takeout, Delivery",516-609-0903,https://www.doordash.com/store/ralph-s-italian-ices-glen-head-873357/en-US,https://www.ralphsices.com,"Cash, Credit",,,,https://www.facebook.com/RalphsFamous/,https://www.instagram.com/ralphsfamous/,https://twitter.com/RalphsFamous,https://scontent-ort2-2.xx.fbcdn.net/v/t1.0-9/13524290_1048558018595314_6053164294399474749_n.jpg?_nc_cat=103&_nc_sid=e3f864&_nc_ohc=N6Vi3pQSTK8AX-OObG3&_nc_ht=scontent-ort2-2.xx&oh=df13ae0fde1ca99489133a18fa8cb028&oe=5EB6FE74,
I Ada Cake,Bakery,"Desserts, Bakery",Closed,Glen Head,4 Rose St,Mon-Sat 9am-6pm,"Phone, Email",Takeout,516-697-3189,,https://www.iadacake.com,"Cash, Credit",,,iadacake.ab@gmail.com,https://www.facebook.com/IAdaCake/,,,,
Ciro's Pizzeria of the North Shore,Italian,"Pizza, Pasta, Salads",Open,Glen Head,689 Glen Cove Ave,"Tue-Sat 11am-9:30pm, Sun 12pm-9pm, Mon 11am-9pm","Phone, Uber Eats, Doordash","Takeout, Curbside, Delivery",516-671-8982,http://cirosofthenorthshore.com/#menu1,http://cirosofthenorthshore.com,"Cash, Credit, Debit",,,,https://www.facebook.com/cirospizzeriaofthenorthshore/,,,http://cirosofthenorthshore.com/img/image03.jpg,
Sunrise,Asian,Chinese,Closed,Glen Head,683 Glen Cove Ave,,,,516-671-3030,,,,,,,,,,,
Lucky Penguin Frozen Yogurt,Desserts,Self Serve Frozen Yogurt,Closed ,Glen Head,673B Glen Cove Ave,,,,516-583-5161,,,"Cash, Credit, Debit",,,lucky2019li@gmail.com,https://www.facebook.com/luckypenguinsweets/,,,,
Grassroots Naturally Delicious,Deli,"Deli, Smoothies, Juices, Healthy",Open,Glen Head,671 Glen Cove Ave,"Mon-Fri 8am-4pm, Sat 8am-3pm","Phone, Email","Takeout, Curbside, Delivery ($25 min)",516-671-1616,https://grassrootsme.com/dailymenu/03302020_menu.pdf,https://grassrootsme.com,"Cash, Credit, Debit",,,rob@grassrootsme.com,https://www.facebook.com/Grassroots-218447210391/,,,https://scontent-ort2-2.xx.fbcdn.net/v/t1.0-9/p960x960/42642847_10161029503060392_5068081647165898752_o.jpg?_nc_cat=111&_nc_sid=9267fe&_nc_ohc=vQ6U_xDFIHIAX_-pkzQ&_nc_ht=scontent-ort2-2.xx&_nc_tp=6&oh=2846be8a1197331534393cc8b9b1f2b6&oe=5EBEAF45,
Choppers Burger Bar,American,"American, Burgers, Fries, Sandwiches, Shakes ",Open,Glen Head,671A Glen Cove Ave,"Sun-Thu 11am-9pm, Fri-Sat 11am-10pm","Phone, Uber Eats","Curbside, Delivery",516-403-2299,https://www.choppersburgerbar.com/menu/,https://www.choppersburgerbar.com,"Cash, Credit, Debit",Weekly,,info@choppersburgerbar.com,https://www.facebook.com/Choppersburgerbar,https://www.instagram.com/Choppersburgerbar/,,https://scontent-ort2-2.xx.fbcdn.net/v/t1.0-9/s960x960/78690031_141196870645545_1097645687824187392_o.jpg?_nc_cat=100&_nc_sid=9267fe&_nc_ohc=Y8V-cYGF2CcAX-UMR0k&_nc_ht=scontent-ort2-2.xx&_nc_tp=7&oh=fc9f2e1cbdba4a717f75e06cf7ca5b46&oe=5EBFF471,
Gemelli Gourmet Market North,Market,"Market, Healthy",Open,Glen Head,716 Glen Cove Ave,"Mon-Sat 9am-5pm, Sun 9am-4pm","Phone, Doordash","Curbside, Delivery ($100 min from store)",516-200-9746,https://www.gemelligourmetmarketnorth.com/Menu,https://www.gemelligourmetmarketnorth.com,"Cash, Credit, Debit",Daily Dinners,,info@gemelligourmetmarketnorth.com,https://www.facebook.com/gemelligourmetmarketnorth,,,https://scontent-ort2-2.xx.fbcdn.net/v/t1.0-9/s960x960/90305141_1095217840837020_5417911054162198528_o.jpg?_nc_cat=108&_nc_sid=9267fe&_nc_ohc=lx5TU14wta4AX8khyCy&_nc_ht=scontent-ort2-2.xx&_nc_tp=7&oh=13f86ec36320cd7c7bad6b3ac9356425&oe=5EBEB30D,
Dunkin' Donuts Glen Head,Cafe,"Cafe, Breakfast, Donuts, Coffee",Open,Glen Head,36 Glen Head Rd,Mon-Sun 6am-5pm,Mobile App,Takeout,516-676-1800,https://www.dunkindonuts.com/en/food-drinks,https://www.dunkindonuts.com/en,"Cash, Credit, Debit, Mobile App",,,,,,,https://static01.nyt.com/images/2018/09/26/business/26DUNKIN02/merlin_144328491_8c732b71-be5c-45a8-91f8-1abc7bb526b1-superJumbo.jpg,
Gyro Station,Mediterranean,"Mediterranean, Salads, Gyros, Sandwiches",Open,Glen Head,7 Station Plaza,"Mon-Sat 11am-9pm, Sun 11am-8pm","Phone, Grubhub, Website","Takeout, Delivery ",516-676-7482,https://www.gyrostation.com/menus.html,https://www.gyrostation.com/index.html,"Cash, Credit, Debit",,,,https://www.facebook.com/gyrostation11545/,,,https://gyrostation.com/driveway_files/vlb_images1/06.jpg,
Ernesto's East,Italian,"Italian, Pasta, Salads, Soups ",Open,Glen Head,10 Railroad Ave,"Tue-Wed 5pm-10pm, Thu-Sat 5pm-10:30pm, Sun 5pm-9:30pm","Phone, Doordash","Curbside, Delivery (catering menu only) ",516-671-7828,https://www.ernestoseast.com,https://www.ernestoseast.com,"Credit, Debit",,Can place order after 3. Will be given pickup time.,,https://www.facebook.com/ErnestosEast/,,,https://s3-media0.fl.yelpcdn.com/bphoto/mw12n5kLXN2Na8LmBL-viA/o.jpg,
Kyraku Japanese Restaurant,Asian,"Japanese, Sushi",Closed,Glen Head,127 Glen Head Rd,,,,516-676-3686,https://www.kirakuglenhead.com/menu.aspx,https://www.kirakuglenhead.com,,,,,,,,,
Sergio's Pizzeria,Italian,"Italian, Pizza, Pasta, Salads",Open,Glen Head,3-7 Park Plaza,Tue-Sun 12pm-8pm,"Phone, Website","Pickup ($10 min), Delivery ($15 min)",516-674-9480,https://slicelife.com/restaurants/ny/glen-head/11545/sergio-s-pizzeria-restaurant/menu?ajs_aid=ad693797-f0a1-4c51-97fb-c55fa17f9bef&segment_id=ad693797-f0a1-4c51-97fb-c55fa17f9bef&utm_campaign=partner_websites,https://www.sergiospizzeriarestaurant.com,"Cash, Credit, Debit",,,sergiospizzaoldbrookville@gmail.com,https://www.facebook.com/sergiospizzeria/,https://www.instagram.com/sergiospizzaoldbrookville/,,https://scontent-ort2-2.xx.fbcdn.net/v/t1.0-9/s960x960/91388987_2847832341997761_2293953951327846400_o.jpg?_nc_cat=100&_nc_sid=a26aad&_nc_ohc=PSvpgvhyEDYAX-03K9v&_nc_ht=scontent-ort2-2.xx&_nc_tp=7&oh=2ca2f06829c8b7d0f34110267a279955&oe=5EBE0D70,
Holiday Farms,Market,Market,Open,Glen Head,1-1 Park Plaza,Mon-Sun 7am-8pm,Website,"In person, Delivery",516-759-9446,,http://www.holidayfarms.com,"Cash, Credit, Debit",,,glenhead@holidayfarms.com,,,,http://www.kpsearch.com/df/holidayfarms/DSC00848-245.jpg,
Sun Ho Chinese Kitchen ,Asian ,Chinese,Closed,Glen Head,,,,,,,,,,,,,,,,
Brookville Deli and Caterers ,Deli,"Deli, Bagels, Breakfast, Coffee",Open,Glen Head,3-5 Park Plaza,"Mon-Sat 6am-4pm, Sun 6am-3pm",Phone,Takeout,516-759-0909,https://www.brookvillecater.com/menu1,https://www.brookvillecater.com,"Cash, Credit, Debit",,,brookvillecater@optonline.net,https://www.facebook.com/BrookvilleDeliCaterers/,,,https://cdn.websites.hibu.com/a7f1bb76a84b4877bebf0e16da2e7764/dms3rep/multi/desktop/IMG_2434.JPG,
Bottle Buys,Alcohol,"Alcohol, Wine, Spirits",Open,Glen Head,350 Glen Head Rd,Mon-Sat 12pm-7pm,Website,"Curbside, Delivery (under $100 charge $4.95)",516-676-8400,,https://www.bottlebuys.com,"Cash, Credit, Debit",,,info@bottlebuys.com,https://www.facebook.com/BottleBuys,https://www.instagram.com/bottlebuys/,https://twitter.com/bottlebuys,https://s3-media0.fl.yelpcdn.com/bphoto/_vVX6SEVtjFzw_gY__furw/o.jpg,
Heirloom Tavern,American,"American, Tavern",Open,Glen Head,32 Railroad Ave,Mon-Sun 4pm-9pm,"Phone, Uber Eats","Takeout, Curbside, Delivery ",516-686-6633,,http://heirloomtavern.com,"Cash, Credit, Debit",,,heirloom32@gmail.com,https://www.facebook.com/heirloomtavern,,,http://heirloomtavern.com/images/gallery/26.jpg,
Seabreeze Deli,Deli,Deli,Closed,Glen Head,687 Glen Cove Ave,,,,516-674-0342,,,,,,,,,,,
Brookville Bagel Cafe,Deli,"Deli, Cafe, Breakfast, Sandwiches",Closed,Glen Head,27 McCouns Ln,Mon-Sat 5:30am-3:30pm Sun 5:30am-2:30pm,,In person,,,,,,,,,,,,
Leonetti Pastry Stop,Bakery,"Bakery, Bread, Pastry, Baked Goods, Cafe",Open,Greenvale,82-16 Glen Cove Rd,Mon-Sun 7am-3pm,Phone,Takeout,516-625-8242,,http://www.leonettipastryshop.com,"Cash, Credit, Debit",,,leonettipastry@aol.com,https://www.facebook.com/LeonettiPastryShop/,https://www.instagram.com/leonettipastryshop/,,https://s3-media0.fl.yelpcdn.com/bphoto/B8Ie1qxAkk5PyN_FZweIDQ/l.jpg,
Abeetza Pizza,Italian,"Pizza, Salads, Soups",Open,Greenvale,82 Glen Cove Rd,"Mon-Thu 11am-8pm, Fri-Sun 11am-9pm","Phone, Website","Curbside, Delivery",516-484-3123,https://www.abeetza.com/takeout-menu/,https://www.abeetza.com,"Credit, Debit",,,nemis1981@gmail.com,https://www.facebook.com/abeetzapizza/,https://www.instagram.com/abeetza/,https://twitter.com/abeetza,https://scontent-ort2-2.xx.fbcdn.net/v/t1.0-9/p720x720/91672358_1517908758382932_2174424861156311040_o.jpg?_nc_cat=106&_nc_sid=9267fe&_nc_ohc=bk1b82uNxJwAX8hcHor&_nc_ht=scontent-ort2-2.xx&_nc_tp=6&oh=aebdfaf61c2defe66df65df627c3be50&oe=5EBE9B6A,
KFC,Fast Food,"Chicken, Southern Food",Open,Greenvale,56 Glen Cove Rd,"Sun-Thu 10:30am-2am, Fri-Sat 10:30am-3am","Website, Doordash, Grubhub, Seamless","Drive Thru, Takeout, Delivery",516-621-9445,https://www.kfc.com,https://www.kfc.com,"Cash, Credit, Debit",,,,https://www.facebook.com/KFCGreenvale,,,https://www.fastfoodmenuprices.com/wp-content/uploads/2016/07/ba0179a9-d7f5-4781-bc05-72a0de8f1b9e.png,
Taco Bell,Fast Food,"Mexican, Tacos, Burritos",Open,Greenvale,56 Glen Cove Rd,"Sun-Thu 10:30am-2am, Fri-Sat 10:30am-3am","Doordash, Grubhub, Seamless","Drive Thru, Takeout, Delivery",516-621-9445,https://www.tacobell.com/food,https://www.tacobell.com,"Cash, Credit, Debit",,,,https://www.facebook.com/pages/category/Fast-Food-Restaurant/Taco-Bell-154792744629212/,,,https://lh3.googleusercontent.com/proxy/oEanazvSqtWxg_Ltl_fqnSSWaa_WAzt68zdkL1wsutg7AMCsCtw1tCSOoXnC13D-9M53ImwtmWSQmmMBqU453l50i29KMUOoCoYlSjopE6-8qO1ufpcj5Wmi11v6nHb97CAk,
Greenvale Townhouse,Diner,"Diner, Burgers, Sandwiches, Breakfast",Open,Greenvale,49 Glen Cove Rd,"Mon-Fri 8am-11pm, Sat-Sun 8am-12am",Phone,Takeout,516-625-5300,https://www.facebook.com/greenvaletownhouserestaurant/,,"Cash, Credit, Debit",,,,https://www.facebook.com/greenvaletownhouserestaurant/,,,https://d1725r39asqzt3.cloudfront.net/2b2393ef-d823-470e-8ef4-faa668876422/orig.jpg,
Sarin Thai,Asian,"Asian, Thai",Open,Greenvale,43 Glen Cove Rd,"Mon-Sat 11:30am-10pm, Sun 5pm-10pm","Phone, Doordash","Takeout, Delivery",516-484-5873,http://www.sarinthaicuisine.com/dinner.html,http://www.sarinthaicuisine.com/index.html,"Cash, Credit, Debit",,,acharaaj@gmail.com,https://www.facebook.com/pages/category/Thai-Restaurant/Sarin-Thai-Cuisine-121302791240505/,,,https://encrypted-tbn0.gstatic.com/images?q=tbn%3AANd9GcRGMem6b6FZTUdq15NQd5gTI-IlHliYNMBlcTyGO8lnziZoblTm&usqp=CAU,
Barefoot Peddler,American,"American, Bar",Closed,Greenvale,37 Glen Cove Rd,,,,516-621-4840,http://barefootpeddlerpub.com/wp-content/uploads/2020/02/Menu_2_-2020.pdf,http://barefootpeddlerpub.com,,http://barefootpeddlerpub.com/specials/,,barefootpeddler73@gmail.com,https://www.facebook.com/BarefootPeddlerPub/,,,https://media-cdn.tripadvisor.com/media/photo-s/0b/b0/fd/ad/my-tuesday-burger-and.jpg,
Moe's Southwest Grill,Latin,Mexican,Closed,Greenvale,90 Northern Blvd,,,,516-621-3349,,,,,,,,,,,
Burger King,Fast Food,"Fast Food, Burgers, Fries, Sandwiches",Open,Greenvale,110 Northern Blvd,"Sun-Wed 6am-1am, Thu-Sat 6am-2am",Doordash,"Drive Thru, Delivery",516-484-4774,https://company.bk.com/menu,https://www.bk.com,"Cash, Credit, Debit",,,,https://www.facebook.com/BurgerKing110NorthernBlvd/?ref=page_internal,https://www.instagram.com/burgerking/?hl=en,https://twitter.com/burgerking?lang=en,https://images.wsj.net/im-95460?width=620&size=1.5,
Bar Frites,French,"French, Modern",Closed,Greenvale,400 Wheatley Plaza,,,,516-484-7500,,,,,,,,,,,
Ben's Kosher Deli ,Deli,"Deli, Kosher, Soups, Bagels",Open,Greenvale,140 Wheatley Plaza,"Sun-Thu 9am-9pm, Fri-Sat 9am-10pm","Phone, Website","Takeout, Curbside, Delivery",516-621-3340,,,,,,,https://www.facebook.com/benskosherdelifanpage,https://www.instagram.com/bensdeli/,https://twitter.com/benskosherdeli,https://scontent-ort2-2.xx.fbcdn.net/v/t1.0-9/s960x960/83012499_10158063517258734_8262382918375047168_o.jpg?_nc_cat=102&_nc_sid=2c4854&_nc_ohc=rRV-M3wTVycAX-OjEvI&_nc_ht=scontent-ort2-2.xx&_nc_tp=7&oh=d53357fa5b1203be9eec811617b10beb&oe=5EBD79A4,
Stop & Shop,Market,Market,Open,Greenvale,130 Wheatley Plaza,Sun-Mon 7:30am-8pm,"Store, Website","In person, Peapod Delivery",516-484-1391,,https://stopandshop.com,"Cash, Credit, Debit, Apple Pay",,,,https://www.facebook.com/StopandShopWheatleyPlazaGreenvaleNY/,https://www.instagram.com/stopandshop/,https://twitter.com/StopandShop,https://media2.fdncms.com/clevescene/imager/u/original/32678071/dsc_3814.jpg,
Centro Cucina,Italian,"Italian, Pasta, Pizza, Soups, Salads",Open,Greenvale,43C Glen Cove Rd,Sun-Mon 3pm-8pm,Phone,"Takeout, Curbside, Delivery",516-484-3880,http://www.centrocucinacafe.com,http://www.centrocucinacafe.com,,,,,,,,https://s3-media0.fl.yelpcdn.com/bphoto/aF0VzOPcEzCWtKMcMNHYmQ/l.jpg,
Golden Cove,Asian,Chinese,Closed,Greenvale,5 Glen Cove Rd,,,,516-621-9133,,,,,,,,,,,
Greenvale Bagels Inc,Deli,"Deli, Bagels, Cafe",Open,Greenvale,5 Glen Cove Rd,"Mon-Thu 6am-2pm, Fri-Sat 6am-4pm, Sun 6am-3pm",Phone,Takeout,516-621-7887,,,"Cash, Credit, Debit",,,,,,,https://s3-media0.fl.yelpcdn.com/bphoto/V85aG4nXB8xcvxX0zESjvQ/o.jpg,
Hunan Taste,Asian,Chinese,Closed,Greenvale,3 Northern Blvd,,,,516-621-6616,,http://hunantasteny.com,,,,,https://www.facebook.com/hunantasteny/,,,,
Yogurt & Such Cafe,Desserts,Self Serve Fro-Yo,Closed,Greenvale,1 Glen Cove Rd,,,Takeout,516-484-1822,,,,,,,https://www.facebook.com/YogurtandSuch,,,,
Dunkin' Donuts Greenvale,Cafe,"Cafe, Breakfast, Donuts, Coffee",Open,Greenvale,1 Glen Cove Rd,Mon-Fri 7am-2pm,Mobile App,Takeout,516-625-6081,https://www.dunkindonuts.com/en/food-drinks,https://www.dunkindonuts.com/en,"Cash, Credit, Debit, Mobile App",,,,,,,,
Grace's Market,Market,"Market, Healthy",Open,Greenvale,81 Glen Cove Rd,Mon-Sat 9am-5pm,Store,Store,516-621-5100,https://gracesmarketplace.com/locations/#greenvale,https://gracesmarketplace.com/,"Cash, Credit, Debit",,,,,,,https://cdn.newsday.com/polopoly_fs/1.2828758.1303321899!/httpImage/image.JPG_gen/derivatives/landscape_768/image.JPG,
Wonderful Wedding Cakes ,Desserts,"Cakes, Special Orders",Open,Locust Valley,296 Forest Ave,"Tue 9:30am-2:30pm, Wed-Sat 9:30am-4:30pm","Phone, Email",Takeout,516-671-6932,,http://www.wonderfulweddingcakes.com,"Cash, Credit, Debit",,,infoatwwc@aol.com,https://www.facebook.com/Wonderful-Wedding-Cakes-283687695609/,https://www.instagram.com/wonderfulweddingcakes/,,,
Locust Valley Pizzeria,Italian,"Pizza, Pasta, Salads",Open,Locust Valley,192 Forest Ave,"Mon-Thu 10am-9pm, Fri-Sat 10am-10pm, Sun 11am-9pm","Phone, Website","Takeout, Delivery",516-676-3370,https://www.locustvalleypizzeria.com/menu,https://www.locustvalleypizzeria.com,"Cash, Credit, Debit",,,,https://www.facebook.com/locustvalleypizzeria/,,,,
Locust Valley Delicatessen,Deli,"Deli, Sandwiches, Cafe",Open,Locust Valley,190 Forest Ave,"Mon-Fri 6am-8pm, Sat-6am-6pm, Sun 7am-5pm",Phone,"Curbside, Delivery",516-759-2464,https://www.northshorefinefoods.com/Locustvalley,https://www.northshorefinefoods.com,"Credit, Debit",,,harborside85@yahoo.com,https://www.facebook.com/LVdeli/,,,,
Locust Valley Bagels,Deli,"Deli, Bagels, Sandwiches",Closed,Locust Valley,155 Forest Ave,,,,516-759-3081,,,,,,,,,,,
The Brass Rail,American,"Bistro, Gastropub, Bar",Open,Locust Valley,107 Forest Ave,Mon-Sun 12pm-10pm,Phone,"Takout, Curbside, Delivery",516-723-9103,http://www.thebrassraillocustvalley.com/PDF/brassrail-menu-jan-8-2018.pdf,http://www.thebrassraillocustvalley.com/index.html,"Cash, Credit, Debit",,,,,,,https://cdn.newsday.com/polopoly_fs/1.6293936.1382376546!/httpImage/image.jpg_gen/derivatives/landscape_768/image.jpg,
Buckram Stables Cafe,American,"Pub, American food",Open,Locust Valley,31 Forest Ave,"Sun-Thu 4:30pm-8pm, Fri-Sat 4:30-9pm","Phone, Toasttab.com/buckramstablescafe","Takeout, Curbside",516-671-3080,http://www.buckramstables.com/About.html,http://www.buckramstables.com/About.html,"Cash, Credit, Debit",Daily (Social Media),,buckramstables@gmail.com,https://www.facebook.com/buckramstables/,https://www.instagram.com/buckramstables/,https://twitter.com/buckramcafe,,
The Chef's Table,Private Dining,"Sushi, Pizza, Burgers, Fusion",Open,Locust Valley,15 Birch Hill Rd,"Tue 3pm-4pm, Fri 3pm-4pm","Phone, Text",Takeout,516-376-8700,,http://www.meridiankitchen.com/the-restaurant.html,"Credit, Debit",Social Media,"Private Dining, food by tray only",chefbin@yahoo.com,,https://www.instagram.com/the_chefs_table15/?hl=en,,,
Stuey's Smokehouse BBQ,American ,"Smokehouse, BBQ",Open,Locust Valley,50 Birch Hill Rd,"Wed-Sat 12pm-8pm, Sun 12pm-6pm","Phone, Postmates, Seamless, Doordash","Takeout, Delivery",516-277-2202,https://www.stueysbbq.com/menu1,https://www.stueysbbq.com,,,,info@stueysbbq.com,https://www.facebook.com/Stueyssmokehouse/,https://www.instagram.com/stueysbbq/?hl=en,,,
Karmic Grind,Cafe,"Cafe, Coffee, Desserts",Closed,Locust Valley,2 Birch Hill Rd,,Website,Delivery,,https://www.thekarmicgrind.com,https://www.karmicgrind.com,"Credit, Debit",,"Still selling coffee beans online, weekly delivery",regina@karmicgrind.com,https://www.facebook.com/karmicgrind/,https://www.instagram.com/thekarmicgrind/,,,
Curds & Whey,Deli,"Fine Cheeses, Charcuterie",Open,Locust Valley,20 Birch Hill Rd,Mon-Fri 11am-5pm-Sat 11am-6pm,Phone,Takeout,516-399-2800,,http://www.curdsandwheylocustvalley.com/home,,,,,,,,,
Loafer's Bakery & Gourmet Shoppe,Bakery,"Cakes, Desserts",Open,Locust Valley,175 Birch Hill Rd,Tue-Sat 8am-5pm,Phone,"Takeout, Curbside",516-759-9464,http://loafersbakery.com/wp/bakery-items/,http://loafersbakery.com/wp/,"Cash, Credit, Debit",,,loafersbakery@optonline.net,https://www.facebook.com/pages/category/Bakery/Loafers-Bakery-283672998322643/,https://www.instagram.com/loafersbakery175/,,,
The LVI Bistro,American ,"Bistro, Diner Style",Open,Locust Valley,225 Birch Hill Rd,Mon-Sun 4pm-8pm,Phone,"Takeout, Curbside",516-676-5377,https://www.thelvibistro.com,https://www.thelvibistro.com,"Cash, Credit, Debit",,,conniedawno@aol.com,https://www.facebook.com/Locust-Valley-Inn-Bistro-126498544084985/,,,,
Locust Valley Market,Market,Market,Open,Locust Valley,220 Birch Hill Rd,Mon-Sun 7am-6pm,"Website, Mobile App","In person, Curbside, Delivery",516-723-2350,https://www.instacart.com/locust-valley-market,www.locustvalleymarket.com,"Cash, Credit, Debit",,,shop@locustvalleymarket.com,https://www.facebook.com/LocustValleyMarket/,,,,
Birch Hill Market,Market,"Market, Meats",Open,Locust Valley,153 Birch Hill Rd,Mon-Sat 9am-6pm,Phone,In person,516-671-3242,http://www.birchhillmarketlv.com,http://www.birchhillmarketlv.com,"Cash, Credit, Debit",,,birchhillmarket@gmail.com,https://www.facebook.com/Birchhillmarketlv/,https://www.instagram.com/Birchhillmarketlv/,https://twitter.com/birchhillmkt?lang=en,,
The Tavern on The Plaza,American,"American, Bar",Closed,Locust Valley,4 The Plaza,Mon-Sun 12pm-,Phone,,516-676-5793,http://www.thetavernontheplaza.com/menu.html,http://www.thetavernontheplaza.com,"Cash, Credit, Debit",,,info@thetavernontheplaza.com,https://www.facebook.com/Tavern-on-the-Plaza-303718666305033/,,,,
Basil Leaf Cafe,Italian,"Pasta, Salads, Soups, pizza",Open,Locust Valley,7B The Plaza,Mon-Sun 4pm-8:30pm,Phone,Takeout,516-676-6252,https://www.thebasilleafrestaurant.com,https://www.thebasilleafrestaurant.com,"Cash, Credit, Debit",,,,,,,,
Barney's,American,"American, French, Modern",Open,Locust Valley,315 Buckram Rd,Thu-Sun 4pm-8pm,Phone,Takeout,516-671-6300,http://www.barneyslv.com/our-menu/,http://www.barneyslv.com,"Cash, Credit, Debit",,,barneys315@gmail.com,https://www.facebook.com/barneyslv/,,,,
Forest Grocery,Market,"Market, Hot food, Bodega",Open,Locust Valley,384 Forest Ave,Mon-Sun 6am-6pm,In Person,Takeout,516-676-2150,,,"Cash, Credit, Debit",,,,,,,,
Shipwreck Tavern ,American,"Burgers, Sandwiches, Bar",Closed,Bayville,10 Bayville Ave,,,,516-628-2628,,https://www.shipwreckpub.com,,,,captain@shipwreckpub.com,https://www.facebook.com/Shipwreck-Tavern-524758490919311/,,,,
Ralph's Pizzeria & Restaurant,Italian,"Pizza, Salads, Soups, Pasta",Open,Bayville,16 Bayville Ave,Mon-Sun 11am-8pm,Phone,"Takeout, Delivery",516-628-2260,http://ralphspizzeriaandrestaurant.com/classic-menu/,http://ralphspizzeriaandrestaurant.com,"Cash, Credit, Debit",,,,https://www.facebook.com/Ralphs-Pizza-111740382196832/,,,,
Piccolo Cantina Bay,Latin,"Mexican, Italian",Open,Bayville,18a Bayville Ave,"Tue-Thu 1pm-9pm, Fri-Sat 1pm-10pm, Sun 1pm-9pm",Phone,"Curbside, Delivery",516-802-3001,,,"Cash, Credit, Debit",,,m14morales@yahoo.com,https://www.facebook.com/piccolocantinabay/,,,,
Souvlaki Place of Bayville,Greek,"Souvlaki, Gyro, Salads",Open,Bayville,14 Bayville Ave,"Mon-Wed 3pm-8pm, Thu-Sun 11am-8pm",Phone,"Takeout, Curbside",516-628-1313,http://www.bayvillesouvlaki.com/our_menu/,http://www.bayvillesouvlaki.com,"Cash, Credit, Debit",,,souvlakibayville@gmail.com,https://www.facebook.com/BayvilleSouvlaki/,,https://twitter.com/BayvilleSouvlak,,
Talentis Delicatessen,Deli,"Deli, Hot Food, Sandwiches",Open,Bayville,44 Bayville Ave,Mon-Sun 7:30am-5pm,In Person,Takeout,516-628-3747,,,"Cash, Credit, Debit",,,,,,,,
Food Basket,Market,Market,Open,Bayville,68 Bayville Ave,"Mon-Sat 8am-8pm, Sun 8am-7pm",In Person,Takeout,516-628-2402,,,"Cash, Credit, Debit",,,,,,,,
Oak Neck Deli,Deli,Deli,Open,Bayville,80 Bayville Ave,"Mon-Sat 6am-4pm, Sun 7am-4pm",In Person,Takeout,516-628-1212,http://oakneckdeli-bayville.com/menu/,http://oakneckdeli-bayville.com,"Cash, Credit, Debit",,,oakneckdeli@gmail.com,https://www.facebook.com/oakneckdeli/,,,,
Chen's Kitchen ,Asian,Chinese,Closed,Bayville,250 Bayville Ave,,,,516-628-2288,https://zmenu.com/chens-kitchen-bayville-3-online-menu/,,,,,,,,,,
Bayville Deli & Pizzeria,Deli,"Deli, Hot Food, Pizza",Open,Bayville,261 Bayville Ave,"Mon-Thu 7am-7pm, Fri-Sat 7am-8pm, Sun 7am-6pm","In Person, Phone",Takeout,516-628-2063,https://bayville-deli.business.site/posts/3949124840991201810?hl=en,https://bayville-deli.business.site/posts/3949124840991201810?hl=en,"Cash, Credit, Debit",,,,,,,,
Bayville Market,Market,Small Market,Open,Bayville,262 Bayville Ave,"Sun-Fri 7am-10pm, Sat 8am-10pm",In Person,Takeout,516-802-5505,,https://www.pointy.com/shops/usa/new-york/bayville/bayville-market?page=4,"Cash, Credit, Debit",,,,,,,,
The Bridge Cafe,Cafe,Cafe,Closed,Bayville,265 Bayville Ave,"Mon-Fri 6:30am-3pm, Sat-Sun 7am-3pm",,,516-624-7070,,,,,,,https://www.facebook.com/Bayville-LuncheonetteThe-Bridge-Cafe-110230009034344/,,,,
Mill Creek Tavern,American,"American, Bar",Open,Bayville,275 Bayville Ave,Mon-Sun 4:30pm-7:30pm,Phone,"Takeout, Curbside",516-628-2000,https://www.millcreekny.com,https://www.millcreekny.com,"Cash, Credit, Debit",,,millcreekny@gmail.com,https://www.facebook.com/Millcreekny/,https://www.instagram.com/millcreek.ny/?hl=en,https://twitter.com/millcreek_ny,,
Bayville Meat Center,Deli,Meat,Open,Bayville,282 Bayville Ave,Mon-Sun 3pm-6pm,"Phone, Email","Curbside, Delivery",516-628-2139,,,"Cash, Credit, Debit",,"Cash Preferred, Orders 1-2 days out",bayvillemeats@mail.com,https://www.facebook.com/bayvillemeats/,https://www.instagram.com/bayvillemeatcenter/,https://twitter.com/bayville_meats?lang=en,,
Bayville Seafood,Deli,Seafood,Open,Bayville,18 Ludlam Ave,Fri-Sat 11am-5pm,,,516-628-0328,,,"Cash, Credit, Debit",,,,,,,,
The Clam Bar at Bridge Marine,American,"Seafood, Clams",Closed,Bayville,40 Ludlam Ave,,,,516-628-8688,,https://theclambaratbridgemarine.business.site/?utm_source=gmb&utm_medium=referral,,,"Seasonal, scheduled to open late May",bridgemarine74@gmail.com,https://www.facebook.com/TheClamBarAtBridgeMarine/,https://www.instagram.com/theclambaratbridgemarine/?fbclid=IwAR0FXZtxyiehLGrQGnncTAgvJKbYQBhfL9_WJjAtlKu1iXkjFuXRZT-rdEU,,,
Ocean,American,"Seafood, Bar",Closed,Bayville,333 Bayville Ave,,,,516-628-3330,,https://www.cometotheocean.com,,,"Seasonal, Pushed April opening",,https://www.facebook.com/ComeToTheOcean,https://www.instagram.com/oceanrestaurant/,,,
Twin Harbors Restaurant,American,"Italian, American, Seafood",Closed,Bayville,341 Bayville Ave,,,,516-628-1700,https://zmenu.com/twin-harbors-restaurant-bayville-online-menu/,,,,,,,,,,
Walls Wharf Restaurant & Catering,American,Seafood,Closed,Bayville,18 Greenwich Ave,,,,516-628-9696,,https://wallswharf.com,,,,,https://www.facebook.com/pages/category/Seafood-Restaurant/Walls-Wharf-Restaurant-107338705971026/,,https://twitter.com/WallsWharf,,